<?xml version="1.0" encoding="UTF-8"?>
<!-- Produced by Beyond Compare 4 from Scooter Software -->
<BCSessions Version="1" MinVersion="1">
	<TSessionFolder>
		<Items>
			<TSessionFolder>
				<Items>
					<TDirCompareSession Value="src">
						<LastModified Value="2016-12-20 15:39:35"/>
						<Specs>
							<Left Value="G:\新建文件夹\onvif_src\src"/>
							<Right Value="G:\新建文件夹\src"/>
						</Specs>
					</TDirCompareSession>
				</Items>
			</TSessionFolder>
		</Items>
	</TSessionFolder>
</BCSessions>
