<?xml version="1.0" encoding="UTF-8"?>
<!-- Produced by Beyond Compare 4 from Scooter Software -->
<BCState Version="1" MinVersion="1">
	<TBcState>
		<FirstStartup Value="False"/>
		<FormPositions>
			<TViewFrame Value="225;196;1857;1080"/>
		</FormPositions>
	</TBcState>
	<TDirCompareState>
		<LeftMRUSpecs>
			<_0 Value="G:\新建文件夹\onvif_src\src"/>
			<_1 Value="G:\新建文件夹\onvif_src"/>
		</LeftMRUSpecs>
		<LogHeight Value="0"/>
		<RightMRUSpecs>
			<_0 Value="G:\新建文件夹\src"/>
		</RightMRUSpecs>
		<ShowToolbar Value="False"/>
	</TDirCompareState>
	<THomeState>
		<SessionType Value="TDirCompareSession"/>
	</THomeState>
	<TTextCompareState>
		<LeftMRUSpecs>
			<_0 Value="G:\src\realtek_dn_switch\src\dn_switch.c"/>
			<_1 Value="G:\src\realtek_dn_switch\src\dn_switch_ubus.c"/>
			<_2 Value="G:\新建文件夹\onvif_src\src\soapCmd.c"/>
			<_3 Value="G:\新建文件夹\onvif_src\src\jsonOnvifApi.c"/>
		</LeftMRUSpecs>
		<MRUFonts>
			<_0 Value="Consolas;10"/>
		</MRUFonts>
		<RightMRUSpecs>
			<_0 Value="G:\src\dn_switch\src\dn_switch.c"/>
			<_1 Value="G:\src\dn_switch\src\dn_switch_ubus.c"/>
			<_2 Value="G:\新建文件夹\src\soapCmd.c"/>
			<_3 Value="G:\新建文件夹\src\jsonOnvifApi.c"/>
		</RightMRUSpecs>
	</TTextCompareState>
	<TTextFindState>
		<FindItems>
			<_0 Value="dn_switch_load_mode"/>
			<_1 Value="dn_switch_get_config_used"/>
		</FindItems>
		<ReplaceItems>
			<_0/>
		</ReplaceItems>
	</TTextFindState>
</BCState>
